cluster_id,cluster_name,primary_keyword,secondary_keywords,search_intent,article_type,priority,reason
C01,Beginner adult wellness basics,sex toys for beginners,body safe glass sex toys made of; einseo ai sync male masturbator sex toys for men; body safe sex toys; best sex toy for beginners; water based lube sex; adult toys discreet shipping,Beginner Guide,Guide,P1,"Start with comfort, safety, privacy, and simple controls instead of chasing advanced features. Commercial value: High; difficulty: Easy."
C02,Beginner vibrator selection,vibrators for beginners,bullet vibrators; quiet vibrators; best rabbit vibrators; waterproof vibrators; best bullet vibrators; cheap cock ring vibrators,Beginner Guide,Buying Guide,P1,Explain what features matter first and which advanced features can wait. Commercial value: High; difficulty: Easy.
C03,Privacy and delivery,discreet shipping adult toys,adult toys discreet shipping; adult toys magic wand; adult toy cleaner; womanizer adult toy; sybian adult toy; adult toy eggs insertable,Problem Solving,Educational Blog,P1,Define real privacy signals shoppers can verify before checkout. Commercial value: High; difficulty: Easy.
C04,Body-safe materials,body safe sex toys,body safe glass sex toys made of; einseo ai sync male masturbator sex toys for men; water based lube sex; adult toys discreet shipping; male masturbator toys; water based sex lube,Informational,Educational Blog,P1,Turn confusing material claims into a simple safety checklist. Commercial value: High; difficulty: Medium.
C05,Cleaning and storage,adult toy cleaner,womanizer adult toy; sybian adult toy; adult toy eggs insertable; nearest adult toy store; magic wand adult toy; adult toy poodle,How-to,How-to,P1,Separate cleaner myths from practical hygiene and material care. Commercial value: Medium; difficulty: Easy.
C06,Lubricant basics,water based lube,water based lube condoms; water-based lubricant lube; best water based lube; water based personal lube; water based lubricant lube; water based lube sex,Informational,Guide,P1,Explain why water-based formulas are often the safest first choice. Commercial value: High; difficulty: Easy.
C07,Lubricant comparison,silicone lube,lube silicone; silicone based lube; silicone vs water based lube; best silicone lube; super lube silicone grease; silicone lube spray,Comparison,Comparison,P1,"Make compatibility and cleanup the deciding factors, not hype. Commercial value: High; difficulty: Medium."
C08,Quiet personal massagers,quiet vibrator,best quiet vibrator; bullet vibrator; cock ring vibrator; best bullet vibrator; vibrator bullet; the rabbit vibrator,Commercial,Buying Guide,P1,Explain realistic noise expectations and what product claims can and cannot prove. Commercial value: High; difficulty: Easy.
C09,Rechargeable massagers,rechargeable vibrator,rechargeable bullet vibrator; bullet vibrator; cock ring vibrator; quiet vibrator; best bullet vibrator; vibrator bullet,Commercial,Buying Guide,P1,Focus on daily convenience and care instead of feature overload. Commercial value: High; difficulty: Easy.
C10,Waterproof care,waterproof vibrator,bullet vibrator; cock ring vibrator; quiet vibrator; best bullet vibrator; vibrator bullet; the rabbit vibrator,Problem Solving,Guide,P1,Clarify waterproof versus splash resistant and safe cleaning habits. Commercial value: High; difficulty: Medium.
C11,Compact vibrators,bullet vibrator,best bullet vibrator; vibrator bullet; silver bullet vibrator; how to use a bullet vibrator; bullet vibrator for women; the bullet vibrator,Commercial,Buying Guide,P2,Help buyers decide if compact size is a benefit or limitation. Commercial value: High; difficulty: Easy.
C12,Rabbit vibrators,rabbit vibrator,the rabbit vibrator; best rabbit vibrator; how to use a rabbit vibrator; jack rabbit vibrator; how to use rabbit vibrator; vibrator rabbit,Commercial,Buying Guide,P2,Explain fit and control complexity without explicit or exaggerated claims. Commercial value: High; difficulty: Medium.
C13,Wand massagers,wand massager,magic wand plus personal massager authentic power adapter; magic wand massager; hitachi wand massager attachments; hitachi wand massager; massager wand; original magic wand massager,Commercial,Buying Guide,P2,"Balance power with comfort, privacy, and practical storage. Commercial value: High; difficulty: Easy."
C14,Pelvic wellness accessories,kegel balls,kegel balls for women; what are kegel balls; how to use kegel balls; kegel exercise balls how to use; kegel balls use; kegel balls for men,Informational,Educational Blog,P2,Keep the guidance educational and avoid medical promises. Commercial value: Medium; difficulty: Medium.
C15,Couples accessories,cock ring,vibrating cock ring; what is a cock ring; how to use a cock ring; best cock ring; how to wear a cock ring; how to use cock ring,Beginner Guide,Guide,P2,"Emphasize fit, time limits, and comfort over exaggerated claims. Commercial value: High; difficulty: Medium."
C16,Male wellness products,male masturbator,best male masturbator; automatic male masturbator; male masturbator toy; hands-free wearable male masturbator; black male masturbator; auto male masturbator,Commercial,Buying Guide,P2,Make cleaning and drying as important as product style. Commercial value: High; difficulty: Medium.
C17,Beginner anal wellness,anal toys for beginners,water based anal lube; adult toys discreet shipping; water based lube for anal; male masturbator toys; body safe glass sex toys made of; einseo ai sync male masturbator sex toys for men,Beginner Guide,Guide,P2,"Prioritize anatomy-safe design, patience, and non-medical caution. Commercial value: Medium; difficulty: Medium."
C18,Couples buying guide,adult toys for couples,adult toys discreet shipping; adult toys magic wand; adult toy cleaner; womanizer adult toy; sybian adult toy; adult toy eggs insertable,Commercial,Guide,P2,Make communication and shared comfort the core of product choice. Commercial value: High; difficulty: Easy.
C19,Beginner product types,best adult toys for beginners,adult toys discreet shipping; best lube for silicone toys; best vibrator for beginners; adult toys magic wand; best sex toy for beginners; best male masturbator,Comparison,Listicle,P2,Compare product categories without claiming one universal best choice. Commercial value: High; difficulty: Easy.
C20,Cleaning and storage,adult toy storage,adult toy storage box; adult toy cleaner; womanizer adult toy; sybian adult toy; adult toy eggs insertable; nearest adult toy store,How-to,Product Support Blog,P2,"Show how storage protects privacy, hygiene, and product lifespan. Commercial value: Medium; difficulty: Easy."
C21,Body-safe materials,adult toy materials,adult toy cleaner; womanizer adult toy; sybian adult toy; adult toy eggs insertable; nearest adult toy store; magic wand adult toy,Informational,Educational Blog,P3,Give a neutral material comparison without medical promises. Commercial value: High; difficulty: Medium.
C22,Privacy and delivery,adult toy privacy,adult toy cleaner; womanizer adult toy; sybian adult toy; adult toy eggs insertable; nearest adult toy store; magic wand adult toy,Problem Solving,Guide,P3,"Cover privacy beyond the box, from research to aftercare. Commercial value: High; difficulty: Easy."
C23,Travel privacy,travel with adult toys,adult toys discreet shipping; adult toys magic wand; adult toy cleaner; womanizer adult toy; sybian adult toy; adult toy eggs insertable,How-to,How-to,P3,Keep guidance practical and remind readers to check local laws. Commercial value: Medium; difficulty: Medium.
C24,Lubricant comparison,water based lube vs silicone lube,silicone vs water based lube; water based lube vs silicone based; water based vs silicone based lube; silicone lube vs water based lube; silicone lube vs water based; silicone based vs water based lube,Comparison,Comparison,P3,Make compatibility and cleanup the decision framework. Commercial value: High; difficulty: Medium.
C25,Cleaning and storage,how to clean silicone sex toys,body safe glass sex toys made of; einseo ai sync male masturbator sex toys for men; silicone lube with silicone toys; silicone lube sex; lube for silicone toys; best lube for silicone toys,How-to,How-to,P3,Separate silicone material care from electronics care. Commercial value: Medium; difficulty: Easy.
C26,Vibrator selection,how to choose a vibrator,bullet vibrator; cock ring vibrator; quiet vibrator; best bullet vibrator; vibrator bullet; the rabbit vibrator,How-to,How-to,P3,Turn a crowded category into a short decision tree. Commercial value: High; difficulty: Easy.
C27,Buying decision framework,adult toy buying guide,adult toy cleaner; womanizer adult toy; sybian adult toy; adult toy eggs insertable; nearest adult toy store; magic wand adult toy,Commercial,Buying Guide,P3,Use a buyer checklist that works across categories. Commercial value: High; difficulty: Easy.
C28,Gift and couples decisions,adult toy gift guide,adult toy cleaner; womanizer adult toy; sybian adult toy; adult toy eggs insertable; nearest adult toy store; magic wand adult toy,Commercial,Guide,P3,Make consent and recipient comfort the non-negotiable foundation. Commercial value: Medium; difficulty: Easy.
C29,Lubricant basics,beginner lubricant guide,water-based lubricant lube; water based lubricant lube; lube life water based personal lubricant; lubricant basics,Beginner Guide,Guide,P3,Explain compatibility and comfort in plain language. Commercial value: High; difficulty: Easy.
C30,Pelvic wellness accessories,how to use kegel balls safely,how to use kegel balls; kegel exercise balls how to use; kegel balls use; kegel balls for women use; kegel balls; kegel balls for women,How-to,How-to,P3,"Avoid medical promises and focus on comfort, hygiene, and professional advice when needed. Commercial value: Medium; difficulty: Medium."
